question,groundtruth,difficulty,response,scores,sources,faithfulness,answer_relevancy,context_precision,context_recall,noise_sensitivity(mode=relevant),semantic_similarity,answer_correctness
Qual è il tempo massimo di esposizione consentito nella zona 'Nucleo di Irradiazione Fragola'?,Il tempo massimo di esposizione per la zona Z-3 (Nucleo di Irradiazione Fragola) è di 12 minuti per turno.,facile,"Il tempo massimo di esposizione consentito nella zona ""Nucleo di Irradiazione Fragola"" è di 200 UD rilevate in area aperta.","[0.47574156522750854, 0.4831637144088745, 0.5786476135253906]","['synthetic_data\\Emergenza Impianto Sincro-Cristalli.pdf:1:1', 'synthetic_data\\Sicurezza Impianto Sincro-Cristalli.pdf:0:1', 'synthetic_data\\Manutenzione Impianto XJ-99.pdf:0:2']",1.0,0.8586026405549616,0.9999999999666667,1.0,1.0,0.8217586193794806,0.5054396548448702
Quali sono i requisiti di protezione obbligatori per accedere alla zona Z-2?,"Oltre ai DPI base (Guanti in Neoprene Quantico e Visore a Filtro Viola), sono obbligatori: Tuta Isolante Modello Ψ-12, Respiratore a Carboni di Nostalgia e Calzature Antilevitazione (SKU: ALV-3340).",medio,"Seguendo la lista fornita, le condizioni di protezione obbligatorie per entrare nella zona Z-2 sono:

1. Tuta Isolante Modello Ψ-12: resistenza termica certificata fino a -890 Gradi Fluttuanti

Questo dispositivo è specificamente indicato come requisito obbligatorio per la zona Z-2, quindi è necessario avere un guanto in neoprene quantico e un visore con filtro viola per entrare nella zona di protezione più alta.","[0.5593136548995972, 0.6046251058578491, 0.6127945184707642]","['synthetic_data\\Sicurezza Impianto Sincro-Cristalli.pdf:0:1', 'synthetic_data\\Sicurezza Impianto Sincro-Cristalli.pdf:0:2', 'synthetic_data\\Sicurezza Impianto Sincro-Cristalli.pdf:1:0']",1.0,0.8913532055740072,0.9999999999666667,1.0,0.0,0.5263357809755584,0.3815839452438896
Un Operatore Standard ha già accumulato 20 UD di esposizione oggi. Può entrare nel Nucleo di Irradiazione Fragola per un turno completo di 12 minuti?,"No. La zona Z-3 (Nucleo di Irradiazione Fragola) ha una soglia di allarme di 120 UD/ora, che equivale a 2 UD al minuto. In 12 minuti l'operatore assorbirebbe 24 UD. 20 (precedenti) + 24 = 44 UD. Sebbene sia sotto il limite di 50 UD, il documento specifica che la soglia di allarme immediato è 120 UD/ora, rendendo l'operazione rischiosa, ma tecnicamente il limite giornaliero dell'operatore standard è 50 UD.",difficile,"No, un Operatore Standard non può entrare nel Nucleo di Irradiazione Fragola per un turno completo di 12 minuti, poiché il limite giornaliero è di 50 UD. L'Operatore ha già accumulato 20 UD oggi, superando il limite massimo di 50 UD.","[0.506275475025177, 0.5165812969207764, 0.5609331130981445]","['synthetic_data\\Sicurezza Impianto Sincro-Cristalli.pdf:0:1', 'synthetic_data\\Emergenza Impianto Sincro-Cristalli.pdf:1:1', 'synthetic_data\\Manutenzione Impianto XJ-99.pdf:0:2']",0.0,0.7357221069264979,0.9999999999666667,1.0,0.0,0.7073981272460694,0.5518495318115173
Qual è la frequenza sonora in Hertz della sirena codice ROSA-7?,"Il documento menziona l'attivazione della sirena codice ROSA-7 in caso di superamento della soglia di 120 UD/ora, ma non ne specifica la frequenza sonora.",impossible,La sirena codice ROSA-7 ha una frequenza sonora di 440 Hz.,"[0.5701891183853149, 0.6057300567626953, 0.613858699798584]","['synthetic_data\\Sicurezza Impianto Sincro-Cristalli.pdf:0:2', 'synthetic_data\\Emergenza Impianto Sincro-Cristalli.pdf:2:2', 'synthetic_data\\Emergenza Impianto Sincro-Cristalli.pdf:2:1']",1.0,0.7823308428245639,0.3333333333,0.0,0.0,0.7535975078171334,0.5633993769542833
A quale temperatura si manifesta l'Effetto Amnesia Spaziale?,Si manifesta a temperature superiori a +200 Gradi Fluttuanti.,facile,L'Effetto Amnesia Spaziale si manifesta a temperature superiori a +200 Gradi Fluttuanti.,"[0.4230334758758545, 0.6615227460861206, 0.7152053117752075]","['synthetic_data\\Chimica dell_Etere Liquido.pdf:0:1', 'synthetic_data\\Emergenza Impianto Sincro-Cristalli.pdf:0:2', 'synthetic_data\\Emergenza Impianto Sincro-Cristalli.pdf:0:1']",1.0,0.8977311487997524,0.8333333332916666,1.0,0.0,0.6379258997969217,0.15948147494923043
Cosa accade se l'Etere Liquido viene accidentalmente miscelato con olio di oliva?,Si verifica un'inversione temporale locale (Codice Pericolo P-YEL-15).,medio,"Se l'Etere Liquido viene accidentalmente miscelato con olio di oliva, potrebbe risultare in una reazione chimica che può produrre gas sottile e altri effetti non desiderati. L'olio di oliva contiene sostanze volatili come gli oli volatilei, che possono essere trasportati via l'aria e quindi potrebbero essere miscelati con il liquido etere.

Inoltre, se il contenuto di etere è elevato, potrebbe causare una reazione chimica con i componenti del olio di oliva, producendo gas sottile. Tuttavia, senza informazioni specifiche sul volume totale e sui contenuti di etere liquido presente nel mix, non si può escludere che la reazione chimica potrebbe essere significativa.

Inoltre, se il contenuto di etere è elevato, potrebbe causare una sovrapressione nella camera vuoto, aumentando le probabilità di eventi anomali come inversione gravitazionale o perdita contenimento. Tuttavia, senza informazioni specifiche sul volume totale e sui contenuti di etere liquido presente nel mix, non si può escludere che la sovrapressione potrebbe essere significativa.

Inoltre, se il contenuto di etere è elevato, potrebbe causare una contaminazione jazz massiva. Tuttavia, senza informazioni specifiche sul volume totale e sui contenuti di etere liquido presente nel mix, non si può escludere che la contaminazione jazz potrebbe essere significativa.

Tuttavia, senza informazioni specifiche sul volume totale e sui contenuti di etere liquido presenti nel mix, è difficile prevedere con precisione i possibili effetti di una miscela accidentale tra etere liquido e olio di oliva.","[0.579412043094635, 0.5974702835083008, 0.6311514377593994]","['synthetic_data\\Chimica dell_Etere Liquido.pdf:0:0', 'synthetic_data\\Emergenza Impianto Sincro-Cristalli.pdf:0:1', 'synthetic_data\\Chimica dell_Etere Liquido.pdf:2:0']",1.0,0.0,0.9999999999666667,1.0,,0.23274279507169635,0.058185698767924086
"Se devo preparare 250 litri di miscela, quanti grammi di catalizzatore VortexCat™ 3000 devo utilizzare?",Il dosaggio è di 2.8 g per ogni 100 L. Per 250 L servono 7 grammi (2.8 * 2.5).,difficile,"Per preparare 250 litri di miscela, dovresti usare:

2.8 g / 100 L × 250 L = 70 g

Quindi, ti servirà circa 70 grammi di catalizzatore VortexCat™ 3000.","[0.39486056566238403, 0.4006866216659546, 0.5446151494979858]","['synthetic_data\\Chimica dell_Etere Liquido.pdf:1:1', 'synthetic_data\\Chimica dell_Etere Liquido.pdf:1:2', 'synthetic_data\\Logistiche e Gestione Materiali.pdf:0:1']",1.0,0.9443593103809009,0.99999999995,1.0,0.0,0.5944763305779096,0.6486190826444774
Qual è la formula molecolare specifica del componente 'Legante Nostalgico'?,"Il documento indica che il Legante Nostalgico compone il 5.5% della melassa, ma non fornisce la sua formula molecolare.",impossible,"La formula molecolare specifica del componente ""Legante Nostalgico"" è:

5.5% ±0.4%

Questo valore indica che il legante nostalgico contiene 5,5 percenti di sostanza in base al peso totale della reazione, con una tolerabilità di errore di ±0,4%.","[0.5403140783309937, 0.681161642074585, 0.7069073915481567]","['synthetic_data\\Chimica dell_Etere Liquido.pdf:0:2', 'synthetic_data\\Chimica dell_Etere Liquido.pdf:0:1', 'synthetic_data\\Chimica dell_Etere Liquido.pdf:1:1']",1.0,0.8406535541079739,0.0,0.0,0.0,0.7113005295221057,0.1778251323805264
Qual è il tempo di risposta previsto per un'allerta di Livello 3 (Arancione)?,Il tempo di risposta per il livello Arancione è di 5 minuti.,facile,Il tempo di risposta previsto per un'allerta di Livello 3 (Arancione) è 5 minuti.,"[0.5835301876068115, 0.59647136926651, 0.602818489074707]","['synthetic_data\\Emergenza Impianto Sincro-Cristalli.pdf:2:1', 'synthetic_data\\Emergenza Impianto Sincro-Cristalli.pdf:0:1', 'synthetic_data\\Emergenza Impianto Sincro-Cristalli.pdf:0:0']",1.0,0.7667527876792052,0.9999999999666667,1.0,0.0,0.7544526917903178,0.18861317294757945
Quali sono le azioni immediate da compiere nei primi 120 secondi in caso di rilascio incontrollato di Etere Liquido (EMR-101)?,1. Premere il pulsante di arresto generale PST-RED-01; 2. Indossare il Respiratore a Carboni di Nostalgia; 3. Evacuare il personale entro un raggio di 30 metri; 4. NON tentare di contenere manualmente.,medio,"In caso di rilascio incontrollato di Etere Liquido (EMR-101), le azioni immediate da compiere nei primi 120 secondi sono:

1. Premere pulsante di arresto generale PST-RED-01 (pannello ogni 25 m)

Questo segnale è stato specificamente indicato come immediato nel contesto fornito, pertanto dovrebbe essere eseguito inizialmente.

Ricorda che le azioni immediate possono variare in base alle circostanze specifiche del caso e potrebbero includere anche altre azioni di contenimento o risposta.","[0.4268914461135864, 0.5254677534103394, 0.5449901819229126]","['synthetic_data\\Emergenza Impianto Sincro-Cristalli.pdf:0:1', 'synthetic_data\\Emergenza Impianto Sincro-Cristalli.pdf:1:2', 'synthetic_data\\Emergenza Impianto Sincro-Cristalli.pdf:0:2']",1.0,0.0,0.9999999999666667,0.0,0.0,0.5635657016285469,0.35517713969285103
"In caso di un Evento Paradossale (Livello VIOLA), quali sono i passaggi precisi per attivare il Generatore di Coerenza Temporale?",Bisogna recarsi nella sala macchine al piano -1 e utilizzare la chiave di attivazione custodita nella cassaforte dell'ufficio del Direttore (combinazione 7-23-42-88).,difficile,"In caso di un Evento Paradossale (Livello VIOLA), i passaggi precisi per attivare il Generatore di Coerenza Temporale sono:

1. Chiave di attivazione: cassaforte ufficio Direttore, combinazione 7-23-42-88
2. Tutto il personale deve sedersi a terra e rimanere immobile","[0.4578074812889099, 0.484405517578125, 0.4901697635650635]","['synthetic_data\\Emergenza Impianto Sincro-Cristalli.pdf:2:1', 'synthetic_data\\Emergenza Impianto Sincro-Cristalli.pdf:2:2', 'synthetic_data\\Emergenza Impianto Sincro-Cristalli.pdf:2:0']",1.0,0.8427022981515939,0.9999999999666667,1.0,,0.5612023129983833,0.14030057824959583
Qual è la procedura di decontaminazione specifica per gli indumenti civili esposti alla brina color lavanda?,"Il documento menziona la formazione di brina lavanda come segnale di attivazione, ma non descrive procedure di decontaminazione per indumenti civili.",impossible,"La procedura di decontaminazione specifica per gli indumenti civili esposti alla brina color lavanda include:

1. Neutralizzazione dei granuli assorbenti: Utilizzate il Granuli assorbenti GR-Ω7, che sono presenti nel Kit contenimento KIT-ETH-500.

2. Copertura con Teli di Silenzio Solidificato 4 pz (2×3 m): Questo tipo di teli è specificamente progettato per proteggere contro particelle e fumo, quindi sarà efficace per coprire la brina color lavanda.

3. Chiusura delle fessure: Utilizzate il Sigillante spray SS-99 3 bombolette (750 ml) per chiudere le fessure in modo efficace.

Questo kit di contenimento è specificamente progettato per proteggere contro la brina color lavanda e deve essere utilizzato immediatamente dopo l'indossamento.","[0.6122349500656128, 0.6863161325454712, 0.6902971267700195]","['synthetic_data\\Emergenza Impianto Sincro-Cristalli.pdf:0:2', 'synthetic_data\\Sicurezza Impianto Sincro-Cristalli.pdf:0:1', 'synthetic_data\\Emergenza Impianto Sincro-Cristalli.pdf:1:0']",1.0,0.6720053732504245,0.0,0.0,0.0,0.6327134939656631,0.15817837349141578
Qual è la durata di conservazione (shelf life) dell'Etere Liquido Grezzo?,La shelf life è di 90 giorni dalla produzione.,facile,"La durata di conservazione (shelf life) dell'Etere Liquido Grezzo, come specificato nella documentazione fornita, è di 14.5 mm ± 0.2 mm per ogni lotto.","[0.5370416641235352, 0.5400915741920471, 0.5948393940925598]","['synthetic_data\\Logistiche e Gestione Materiali.pdf:0:1', 'synthetic_data\\Chimica dell_Etere Liquido.pdf:0:0', 'synthetic_data\\Chimica dell_Etere Liquido.pdf:2:0']",1.0,0.7032240292476941,0.9999999999666667,1.0,0.0,0.47140366169061343,0.11785091542265336
Quale fornitore è autorizzato per il Tè Freddo e qual è il suo rating?,Il fornitore è Oolong Cosmico GmbH con un rating di B+.,medio,"Il fornitore autorizzato per il Tè Freddo Oolong Cosmico GmbHSUP-004-OC è EtherCorp Universale, con un rating A+.","[0.6085019111633301, 0.6902583837509155, 0.7124441862106323]","['synthetic_data\\Logistiche e Gestione Materiali.pdf:2:1', 'synthetic_data\\Logistiche e Gestione Materiali.pdf:2:0', 'synthetic_data\\Chimica dell_Etere Liquido.pdf:2:0']",0.0,0.6520172663442431,0.9999999999666667,1.0,0.0,0.656056765893714,0.1640141914734285
"Analizzando il codice lotto 'SC-214732-A-0847', cosa indicano i segmenti '32' e 'A'?","Il segmento '32' indica la settimana ISO di produzione, mentre 'A' indica la linea produttiva utilizzata.",difficile,"I segmenti del codice lotto 'SC-214732-A-0847' indicano:

32: Settimana ISO 01-52

A: Linea produttiva A, B, C

Questo indica che il lottino è associato alla linea produttiva A e al mese di settembre del 2021 (anno ISO 2021).","[0.49689167737960815, 0.6337653398513794, 0.6579045653343201]","['synthetic_data\\Logistiche e Gestione Materiali.pdf:0:0', 'synthetic_data\\Logistiche e Gestione Materiali.pdf:3:0', 'synthetic_data\\Logistiche e Gestione Materiali.pdf:2:2']",0.5,0.8508359926855339,0.9999999999666667,1.0,0.0,0.6226230715479026,0.15565576788697566
Quali sono le dimensioni fisiche esterne del 'Cofanetto antilevitazione AL-P1' usato per i cristalli Premium?,"Il documento specifica che contiene 12 cristalli, ma non fornisce le dimensioni fisiche del cofanetto.",impossible,"The dimensions of the ""Cofanetto antilevitazione AL-P1"" used for the Premium crystals are 112 x 6 x 4.5 cm.","[0.5113994479179382, 0.512327253818512, 0.59296715259552]","['synthetic_data\\Logistiche e Gestione Materiali.pdf:1:0', 'synthetic_data\\Logistiche e Gestione Materiali.pdf:1:1', 'synthetic_data\\Sicurezza Impianto Sincro-Cristalli.pdf:0:1']",1.0,0.9040366145869078,0.0,0.0,0.0,0.4867865892621864,0.1216966473155466
Qual è la frequenza di calibrazione dei Sensori di Distanza Calamita Inversa?,La calibrazione deve essere effettuata ogni 72 ore operative.,facile,La frequenza di calibrazione dei Sensori di Distanza Calamita Inversa è ogni 72 ore operative.,"[0.29452043771743774, 0.524976372718811, 0.6617993116378784]","['synthetic_data\\Manutenzione Impianto XJ-99.pdf:1:2', 'synthetic_data\\Manutenzione Impianto XJ-99.pdf:2:0', 'synthetic_data\\Sicurezza Impianto Sincro-Cristalli.pdf:0:1']",1.0,0.9005260156219441,0.9999999999666667,1.0,0.0,0.7045094898877967,0.17612737247194918
Quali sono i parametri della soglia critica per i 'Cuscinetti centrifuga'?,La soglia critica per i cuscinetti della centrifuga è di 2.350 ore.,medio,"I parametri della soglia critica per i ""Cuscinetti centrifuga"" sono:
- Velocità Operativa Standard 12.000 giri/secondo
- Tolleranza Velocità ±45 giri/secondo","[0.6128730773925781, 0.6196315288543701, 0.6550819277763367]","['synthetic_data\\Manutenzione Impianto XJ-99.pdf:2:1', 'synthetic_data\\Manutenzione Impianto XJ-99.pdf:1:0', 'synthetic_data\\Sicurezza Impianto Sincro-Cristalli.pdf:0:0']",1.0,0.5531480343392419,0.9999999999666667,1.0,0.3333333333333333,0.7511716666517789,0.18779291666294473
"Descrivi la procedura di calibrazione dei sensori Calamita Inversa, includendo lo strumento necessario e la tolleranza della deriva.","Si usa il Calibratore Universale DIST-CAL-14.15. Procedura: spegnere il campo (pannello C-7), attendere 180s, inserire il campione Gap Master™ (14.500 mm), avviare calibrazione (tasto F7). La deriva deve essere < 0.08 mm.",difficile,"La procedura di calibrazione dei sensori Calamita Inversa include:

1. **Spegnere il campo di Calamita Inversa (interruttore pannello C-7)**

2. **Attendere 180 secondi per la dissipazione del campo residuo**

3. **Inserire il campione di riferimento (Gap Master™ 14.500 mm, tolleranza ±0.002 mm)**

4. **Avviare sequenza di calibrazione (tasto F7 su HMI)**

5. **Verificare che la deriva sia < 0.08 mm**

6. **Registrare su modulo CAL-FORM-14 i valori: data, ora, deriva pre/post, firma operatore**

Lo strumento necessario per questa procedura è il Calibratore Universale DIST-CAL-14.5. La tolleranza della deriva è di ±0.08 mm.","[0.34026002883911133, 0.4313926696777344, 0.6381852030754089]","['synthetic_data\\Manutenzione Impianto XJ-99.pdf:1:2', 'synthetic_data\\Manutenzione Impianto XJ-99.pdf:2:0', 'synthetic_data\\Chimica dell_Etere Liquido.pdf:0:1']",0.0,0.6697216457361557,0.9999999999666667,1.0,0.125,0.7360477769977956,0.784011944249449
Quante calorie vengono bruciate mediamente da un tecnico durante la 'Pulizia profonda Vasca Immersione'?,"Il documento indica che l'operazione dura 3 ore e richiede 2 operatori, ma non fornisce dati sul dispendio energetico.",impossible,"The given information does not provide any details about the amount of calories burned during a specific procedure like ""Pulizia profonda Vasca Immersione"". Therefore, based solely on the provided context, I cannot answer this question.","[0.6899705529212952, 0.6971966028213501, 0.711762547492981]","['synthetic_data\\Sicurezza Impianto Sincro-Cristalli.pdf:0:2', 'synthetic_data\\Manutenzione Impianto XJ-99.pdf:1:0', 'synthetic_data\\Manutenzione Impianto XJ-99.pdf:0:2']",0.0,0.0,0.0,0.0,0.0,0.4356252007016928,0.1089063001754232
